{
  "files": [
    {
      "filepath": "/Users/classting/Workspace/temp/zctf/bench/transform.bench.js",
      "groups": [
        {
          "fullName": "transform.bench.js > 0 warnings",
          "benchmarks": [
            {
              "id": "1089624585_0_0",
              "name": "napi[object] return",
              "rank": 1,
              "rme": 0.22906231423221304,
              "samples": [],
              "totalTime": 750.0004039999578,
              "min": 0.0003749999998490239,
              "max": 0.8174579999999878,
              "hz": 2167553.49907797,
              "period": 0.00046134962778329486,
              "mean": 0.00046134962778329486,
              "variance": 4.7259249158177067e-7,
              "sd": 0.0006874536286774335,
              "sem": 5.391725173990389e-7,
              "df": 1625665,
              "critical": 1.96,
              "moe": 0.0000010567781341021163,
              "p75": 0.0004589999999780048,
              "p99": 0.0005830000000059954,
              "p995": 0.0006250000000136424,
              "p999": 0.001125000000001819,
              "sampleCount": 1625666,
              "median": 0.00045799999998052954
            },
            {
              "id": "1089624585_0_1",
              "name": "napi + zctf macro/view",
              "rank": 3,
              "rme": 1.218765319869837,
              "samples": [],
              "totalTime": 751.0448449998964,
              "min": 0.0007080000000314612,
              "max": 2.242958000000044,
              "hz": 1046926.8316462627,
              "period": 0.0009551765890148488,
              "mean": 0.0009551765890148488,
              "variance": 0.000027738155087816268,
              "sd": 0.005266702487118127,
              "sem": 0.000005939469903279908,
              "df": 786288,
              "critical": 1.96,
              "moe": 0.00001164136101042862,
              "p75": 0.0009159999999610591,
              "p99": 0.00204200000007404,
              "p995": 0.00220900000022084,
              "p999": 0.00537499999973079,
              "sampleCount": 786289,
              "median": 0.0008749999997235136
            },
            {
              "id": "1089624585_0_2",
              "name": "napi + zctf manual/view",
              "rank": 5,
              "rme": 1.8903084467396345,
              "samples": [],
              "totalTime": 750.0008370000724,
              "min": 0.0007499999996980478,
              "max": 3.0721669999998085,
              "hz": 921678.9714061789,
              "period": 0.0010849764733965113,
              "mean": 0.0010849764733965113,
              "variance": 0.00007568943725904676,
              "sd": 0.008699967658505793,
              "sem": 0.000010463980572322477,
              "df": 691259,
              "critical": 1.96,
              "moe": 0.000020509401921752054,
              "p75": 0.0009580000000823929,
              "p99": 0.0026670000002013694,
              "p995": 0.0035000000002582965,
              "p999": 0.017791000000215718,
              "sampleCount": 691260,
              "median": 0.0009159999999610591
            },
            {
              "id": "1089624585_0_3",
              "name": "napi[object] full traversal",
              "rank": 2,
              "rme": 0.4671764202598178,
              "samples": [],
              "totalTime": 750.0000499994712,
              "min": 0.0003749999996216502,
              "max": 1.250625000000582,
              "hz": 2047510.5301674083,
              "period": 0.0004883979765995333,
              "mean": 0.0004883979765995333,
              "variance": 0.0000020810611167105398,
              "sd": 0.0014425883393090837,
              "sem": 0.0000011641225427036136,
              "df": 1535632,
              "critical": 1.96,
              "moe": 0.0000022816801836990825,
              "p75": 0.0005000000001018634,
              "p99": 0.0006250000005820766,
              "p995": 0.0007079999995767139,
              "p999": 0.0013340000004973263,
              "sampleCount": 1535633,
              "median": 0.00045899999986431794
            },
            {
              "id": "1089624585_0_4",
              "name": "napi + zctf toObject",
              "rank": 4,
              "rme": 1.6406251102668084,
              "samples": [],
              "totalTime": 750.0006639995154,
              "min": 0.0007079999995767139,
              "max": 2.8111250000001746,
              "hz": 951209.8245295166,
              "period": 0.0010512927581405246,
              "mean": 0.0010512927581405246,
              "variance": 0.00005524486116563873,
              "sd": 0.007432688690214244,
              "sem": 0.000008799884169627528,
              "df": 713407,
              "critical": 1.96,
              "moe": 0.000017247772972469953,
              "p75": 0.0009170000002995948,
              "p99": 0.002540999999837368,
              "p995": 0.0036249999993742676,
              "p999": 0.02020899999934045,
              "sampleCount": 713408,
              "median": 0.0008750000006330083
            }
          ]
        },
        {
          "fullName": "transform.bench.js > 3 warnings",
          "benchmarks": [
            {
              "id": "1089624585_1_0",
              "name": "napi[object] return",
              "rank": 3,
              "rme": 0.3069293731508018,
              "samples": [],
              "totalTime": 750.0000020002626,
              "min": 0.0012499999993451638,
              "max": 1.129291999999623,
              "hz": 688861.3314961286,
              "period": 0.00145167097393624,
              "mean": 0.00145167097393624,
              "variance": 0.0000026698952327734598,
              "sd": 0.0016339814052716327,
              "sem": 0.0000022732676635278777,
              "df": 516645,
              "critical": 1.96,
              "moe": 0.000004455604620514641,
              "p75": 0.001457999999729509,
              "p99": 0.0018749999999272404,
              "p995": 0.0019170000005033216,
              "p999": 0.002124999999978172,
              "sampleCount": 516646,
              "median": 0.0014170000004014582
            },
            {
              "id": "1089624585_1_1",
              "name": "napi + zctf macro/view",
              "rank": 1,
              "rme": 0.9332022652982405,
              "samples": [],
              "totalTime": 750.0012369997548,
              "min": 0.0010409999995317776,
              "max": 1.4496669999989535,
              "hz": 737437.4503867396,
              "period": 0.0013560472138695464,
              "mean": 0.0013560472138695464,
              "variance": 0.000023055588725075718,
              "sd": 0.00480162355095396,
              "sem": 0.000006456460876706266,
              "df": 553078,
              "critical": 1.96,
              "moe": 0.000012654663318344282,
              "p75": 0.0012920000008307397,
              "p99": 0.0025829999995039543,
              "p995": 0.002915999999459018,
              "p999": 0.006583000000318862,
              "sampleCount": 553079,
              "median": 0.0012499999993451638
            },
            {
              "id": "1089624585_1_2",
              "name": "napi + zctf manual/view",
              "rank": 2,
              "rme": 1.1802236390019947,
              "samples": [],
              "totalTime": 750.0004269999008,
              "min": 0.0010409999995317776,
              "max": 3.45233300000109,
              "hz": 731480.9168769614,
              "period": 0.001367089662802789,
              "mean": 0.001367089662802789,
              "variance": 0.000037177055118916376,
              "sd": 0.006097299001928343,
              "sem": 0.000008231997636097537,
              "df": 548610,
              "critical": 1.96,
              "moe": 0.000016134715366751172,
              "p75": 0.001332999998339801,
              "p99": 0.0025420000001759036,
              "p995": 0.002915999999459018,